{"cameraMode":{"drawMode":0,"name":"Shaded","section":"Shading Mode"},"sceneLighting":true,"audioPlay":false,"sceneViewState":{"showFog":true,"showMaterialUpdate":false,"showSkybox":true,"showFlares":true,"showImageEffects":true,"showParticleSystems":true},"in2DMode":false,"pivot":{"x":30.160669326782228,"y":52.727230072021487,"z":19.99753189086914},"rotation":{"x":0.46060675382614138,"y":-0.01997232250869274,"z":0.010367845185101033,"w":0.8873199224472046},"size":105.90283203125,"orthographic":false}