{"cameraMode":{"drawMode":0,"name":"Shaded","section":"Shading Mode"},"sceneLighting":true,"audioPlay":false,"sceneViewState":{"showFog":true,"showMaterialUpdate":true,"showSkybox":true,"showFlares":true,"showImageEffects":true,"showParticleSystems":true},"in2DMode":false,"pivot":{"x":-2.7836341857910158,"y":2.5355987548828127,"z":-0.41999995708465578},"rotation":{"x":-0.1860000491142273,"y":0.6413713693618774,"z":-0.1643221527338028,"w":-0.7259824872016907},"size":1.2247450351715088,"orthographic":false}