{"cameraMode":{"drawMode":0,"name":"Shaded","section":"Shading Mode"},"sceneLighting":false,"audioPlay":false,"sceneViewState":{"showFog":true,"showMaterialUpdate":false,"showSkybox":false,"showFlares":true,"showImageEffects":true,"showParticleSystems":true},"in2DMode":false,"pivot":{"x":1.687551736831665,"y":-3.5183751583099367,"z":-0.9350576400756836},"rotation":{"x":0.12133721262216568,"y":0.47698071599006655,"z":-0.06668094545602799,"w":0.8679426908493042},"size":3.3000729084014894,"orthographic":false}