{"cameraMode":{"drawMode":0,"name":"Shaded","section":"Shading Mode"},"sceneLighting":true,"audioPlay":false,"sceneViewState":{"showFog":true,"showMaterialUpdate":false,"showSkybox":true,"showFlares":true,"showImageEffects":true,"showParticleSystems":true},"in2DMode":false,"pivot":{"x":0.0,"y":8.989999771118164,"z":-10.729999542236329},"rotation":{"x":0.12037134915590286,"y":0.5414982438087463,"z":-0.07868940383195877,"w":0.8283160328865051},"size":13.608617782592774,"orthographic":false}