{"cameraMode":{"drawMode":0,"name":"Shaded","section":"Shading Mode"},"sceneLighting":false,"audioPlay":false,"sceneViewState":{"showFog":true,"showMaterialUpdate":false,"showSkybox":false,"showFlares":true,"showImageEffects":true,"showParticleSystems":true},"in2DMode":false,"pivot":{"x":-2.1239919662475588,"y":0.7422674894332886,"z":2.913966178894043},"rotation":{"x":0.23373715579509736,"y":0.5983216166496277,"z":-0.18824031949043275,"w":0.7429330348968506},"size":4.4045820236206059,"orthographic":false}