{"cameraMode":{"drawMode":0,"name":"Shaded","section":"Shading Mode"},"sceneLighting":false,"audioPlay":false,"sceneViewState":{"showFog":true,"showMaterialUpdate":false,"showSkybox":false,"showFlares":true,"showImageEffects":true,"showParticleSystems":true},"in2DMode":false,"pivot":{"x":0.231219083070755,"y":-1.3587678670883179,"z":6.6980133056640629},"rotation":{"x":0.31107619404792788,"y":0.29276251792907717,"z":-0.10136225074529648,"w":0.8984742164611816},"size":6.925937175750732,"orthographic":false}