{"cameraMode":{"drawMode":0,"name":"Shaded","section":"Shading Mode"},"sceneLighting":false,"audioPlay":false,"sceneViewState":{"showFog":true,"showMaterialUpdate":false,"showSkybox":false,"showFlares":true,"showImageEffects":true,"showParticleSystems":true},"in2DMode":false,"pivot":{"x":-1.4141616821289063,"y":5.400638580322266,"z":3.5043277740478517},"rotation":{"x":0.1851087212562561,"y":-0.6452890634536743,"z":0.16532644629478455,"w":0.7225053906440735},"size":4.481113433837891,"orthographic":false}