{"cameraMode":{"drawMode":0,"name":"Shaded","section":"Shading Mode"},"sceneLighting":false,"audioPlay":false,"sceneViewState":{"showFog":true,"showMaterialUpdate":false,"showSkybox":false,"showFlares":true,"showImageEffects":true,"showParticleSystems":true},"in2DMode":false,"pivot":{"x":-2.290158987045288,"y":-1.904468059539795,"z":0.4655301570892334},"rotation":{"x":0.32572606205940249,"y":-0.012767994776368142,"z":0.0043988535180687908,"w":0.945371150970459},"size":4.044675350189209,"orthographic":false}