{"cameraMode":{"drawMode":0,"name":"Shaded","section":"Shading Mode"},"sceneLighting":false,"audioPlay":false,"sceneViewState":{"showFog":true,"showMaterialUpdate":false,"showSkybox":false,"showFlares":true,"showImageEffects":true,"showParticleSystems":true},"in2DMode":false,"pivot":{"x":2.9099130630493166,"y":0.6090950965881348,"z":0.7667462825775147},"rotation":{"x":0.2786865830421448,"y":0.4839043617248535,"z":-0.16591694951057435,"w":0.8128036856651306},"size":6.337099552154541,"orthographic":false}