{"cameraMode":{"drawMode":0,"name":"Shaded","section":"Shading Mode"},"sceneLighting":false,"audioPlay":false,"sceneViewState":{"showFog":true,"showMaterialUpdate":false,"showSkybox":false,"showFlares":true,"showImageEffects":true,"showParticleSystems":true},"in2DMode":false,"pivot":{"x":5.457125663757324,"y":3.9880001544952394,"z":2.235753059387207},"rotation":{"x":0.07380618155002594,"y":0.9233869910240173,"z":-0.22627107799053193,"w":0.3011925220489502},"size":9.033626556396485,"orthographic":false}