{"cameraMode":{"drawMode":0,"name":"Shaded","section":"Shading Mode"},"sceneLighting":false,"audioPlay":false,"sceneViewState":{"showFog":true,"showMaterialUpdate":false,"showSkybox":false,"showFlares":true,"showImageEffects":true,"showParticleSystems":true},"in2DMode":false,"pivot":{"x":5.293603897094727,"y":-2.5609982013702394,"z":-4.949898719787598},"rotation":{"x":0.24087558686733247,"y":0.3736681342124939,"z":-0.10112976282835007,"w":0.8900168538093567},"size":5.879357814788818,"orthographic":false}