{"cameraMode":{"drawMode":0,"name":"Shaded","section":"Shading Mode"},"sceneLighting":false,"audioPlay":false,"sceneViewState":{"showFog":true,"showMaterialUpdate":false,"showSkybox":false,"showFlares":true,"showImageEffects":true,"showParticleSystems":true},"in2DMode":false,"pivot":{"x":-10.50088119506836,"y":-0.3269413709640503,"z":6.750541687011719},"rotation":{"x":0.15736408531665803,"y":-0.2588845193386078,"z":0.04279201477766037,"w":0.9520463347434998},"size":11.398448944091797,"orthographic":false}