{"cameraMode":{"drawMode":0,"name":"Shaded","section":"Shading Mode"},"sceneLighting":false,"audioPlay":false,"sceneViewState":{"showFog":true,"showMaterialUpdate":false,"showSkybox":false,"showFlares":true,"showImageEffects":true,"showParticleSystems":true},"in2DMode":false,"pivot":{"x":-0.6845419406890869,"y":1.3711589574813843,"z":2.743227243423462},"rotation":{"x":0.10956089198589325,"y":0.886121928691864,"z":-0.2685941755771637,"w":0.36145225167274477},"size":1.7190313339233399,"orthographic":false}