{"cameraMode":{"drawMode":0,"name":"Shaded","section":"Shading Mode"},"sceneLighting":false,"audioPlay":false,"sceneViewState":{"showFog":true,"showMaterialUpdate":false,"showSkybox":false,"showFlares":true,"showImageEffects":true,"showParticleSystems":true},"in2DMode":false,"pivot":{"x":-6.644342422485352,"y":-11.572733879089356,"z":2.145875930786133},"rotation":{"x":0.3749382495880127,"y":-0.205948144197464,"z":0.08581648766994477,"w":0.8998058438301086},"size":16.99430274963379,"orthographic":false}