{"cameraMode":{"drawMode":0,"name":"Shaded","section":"Shading Mode"},"sceneLighting":false,"audioPlay":false,"sceneViewState":{"showFog":true,"showMaterialUpdate":false,"showSkybox":false,"showFlares":true,"showImageEffects":true,"showParticleSystems":true},"in2DMode":false,"pivot":{"x":-3.970625400543213,"y":-0.24925827980041505,"z":0.33000001311302187},"rotation":{"x":0.25729554891586306,"y":0.17847903072834016,"z":-0.04841681942343712,"w":0.9484737515449524},"size":4.5580034255981449,"orthographic":false}