{"cameraMode":{"drawMode":0,"name":"Shaded","section":"Shading Mode"},"sceneLighting":false,"audioPlay":false,"sceneViewState":{"showFog":true,"showMaterialUpdate":false,"showSkybox":false,"showFlares":true,"showImageEffects":true,"showParticleSystems":true},"in2DMode":false,"pivot":{"x":35.09895324707031,"y":781.8063354492188,"z":24.199386596679689},"rotation":{"x":0.12037134915590286,"y":0.5414982438087463,"z":-0.07868940383195877,"w":0.8283160328865051},"size":10.0,"orthographic":false}