{"cameraMode":{"drawMode":0,"name":"Shaded","section":"Shading Mode"},"sceneLighting":false,"audioPlay":false,"sceneViewState":{"showFog":true,"showMaterialUpdate":false,"showSkybox":false,"showFlares":true,"showImageEffects":true,"showParticleSystems":true},"in2DMode":false,"pivot":{"x":-1.7662937641143799,"y":0.11995828151702881,"z":2.2646801471710207},"rotation":{"x":0.29237136244773867,"y":-0.11156566441059113,"z":0.03436551243066788,"w":0.9491565227508545},"size":5.802114963531494,"orthographic":false}