{"cameraMode":{"drawMode":0,"name":"Shaded","section":"Shading Mode"},"sceneLighting":false,"audioPlay":false,"sceneViewState":{"showFog":true,"showMaterialUpdate":false,"showSkybox":false,"showFlares":true,"showImageEffects":true,"showParticleSystems":true},"in2DMode":false,"pivot":{"x":1.2770254611968995,"y":-2.8736841678619386,"z":4.509101867675781},"rotation":{"x":0.013914370909333229,"y":0.9506538510322571,"z":-0.3069430887699127,"w":0.04309510439634323},"size":4.762287616729736,"orthographic":false}