{"cameraMode":{"drawMode":0,"name":"Shaded","section":"Shading Mode"},"sceneLighting":false,"audioPlay":false,"sceneViewState":{"showFog":true,"showMaterialUpdate":false,"showSkybox":false,"showFlares":true,"showImageEffects":true,"showParticleSystems":true},"in2DMode":false,"pivot":{"x":-1.7067283391952515,"y":4.023212432861328,"z":5.01005744934082},"rotation":{"x":0.29237136244773867,"y":-0.11156566441059113,"z":0.03436551243066788,"w":0.9491565227508545},"size":4.602114200592041,"orthographic":false}