{"cameraMode":{"drawMode":0,"name":"Shaded","section":"Shading Mode"},"sceneLighting":false,"audioPlay":false,"sceneViewState":{"showFog":true,"showMaterialUpdate":false,"showSkybox":false,"showFlares":true,"showImageEffects":true,"showParticleSystems":true},"in2DMode":false,"pivot":{"x":-6.764247894287109,"y":1.242873191833496,"z":9.650558471679688},"rotation":{"x":0.28660592436790469,"y":0.19790776073932649,"z":-0.060636892914772037,"w":0.9354249835014343},"size":8.375466346740723,"orthographic":false}