{"cameraMode":{"drawMode":0,"name":"Shaded","section":"Shading Mode"},"sceneLighting":false,"audioPlay":false,"sceneViewState":{"showFog":true,"showMaterialUpdate":false,"showSkybox":false,"showFlares":true,"showImageEffects":true,"showParticleSystems":true},"in2DMode":false,"pivot":{"x":0.0,"y":-1.1180036067962647,"z":0.0006727874279022217},"rotation":{"x":0.28660592436790469,"y":0.19790776073932649,"z":-0.060636892914772037,"w":0.9354249835014343},"size":4.8991265296936039,"orthographic":false}