{"cameraMode":{"drawMode":0,"name":"Shaded","section":"Shading Mode"},"sceneLighting":true,"audioPlay":false,"sceneViewState":{"showFog":true,"showMaterialUpdate":false,"showSkybox":true,"showFlares":true,"showImageEffects":true,"showParticleSystems":true},"in2DMode":false,"pivot":{"x":4.6436309814453129,"y":-6.8913984298706059,"z":-1.7052242755889893},"rotation":{"x":0.25729554891586306,"y":0.17847903072834016,"z":-0.04841681942343712,"w":0.9484737515449524},"size":6.5336503982543949,"orthographic":false}