{"cameraMode":{"drawMode":0,"name":"Shaded","section":"Shading Mode"},"sceneLighting":false,"audioPlay":false,"sceneViewState":{"showFog":true,"showMaterialUpdate":false,"showSkybox":false,"showFlares":true,"showImageEffects":true,"showParticleSystems":true},"in2DMode":false,"pivot":{"x":-9.236181259155274,"y":-6.762486934661865,"z":3.5209836959838869},"rotation":{"x":0.30620089173316958,"y":-0.26240983605384829,"z":0.08821823447942734,"w":0.9108279943466187},"size":11.398448944091797,"orthographic":false}