{"cameraMode":{"drawMode":0,"name":"Shaded","section":"Shading Mode"},"sceneLighting":false,"audioPlay":false,"sceneViewState":{"showFog":true,"showMaterialUpdate":false,"showSkybox":false,"showFlares":true,"showImageEffects":true,"showParticleSystems":true},"in2DMode":false,"pivot":{"x":0.1075592041015625,"y":1.9284920692443848,"z":2.626176357269287},"rotation":{"x":0.2918762266635895,"y":-0.44694411754608157,"z":0.15700137615203858,"w":0.8309088349342346},"size":4.833251953125,"orthographic":false}