{"cameraMode":{"drawMode":0,"name":"Shaded","section":"Shading Mode"},"sceneLighting":false,"audioPlay":false,"sceneViewState":{"showFog":true,"showMaterialUpdate":false,"showSkybox":false,"showFlares":true,"showImageEffects":true,"showParticleSystems":true},"in2DMode":false,"pivot":{"x":-0.5027240514755249,"y":-3.5139081478118898,"z":-1.3787016868591309},"rotation":{"x":0.0005922556156292558,"y":0.9837873578071594,"z":-0.17933399975299836,"w":0.0032475125044584276},"size":6.161712646484375,"orthographic":false}