{"cameraMode":{"drawMode":0,"name":"Shaded","section":"Shading Mode"},"sceneLighting":false,"audioPlay":false,"sceneViewState":{"showFog":true,"showMaterialUpdate":false,"showSkybox":false,"showFlares":true,"showImageEffects":true,"showParticleSystems":true},"in2DMode":false,"pivot":{"x":3.2547178268432619,"y":-0.5149917006492615,"z":1.959323525428772},"rotation":{"x":0.010165815241634846,"y":0.9877581596374512,"z":-0.13749408721923829,"w":0.07303024083375931},"size":8.551660537719727,"orthographic":false}