{"cameraMode":{"drawMode":0,"name":"Shaded","section":"Shading Mode"},"sceneLighting":false,"audioPlay":false,"sceneViewState":{"showFog":true,"showMaterialUpdate":false,"showSkybox":false,"showFlares":true,"showImageEffects":true,"showParticleSystems":true},"in2DMode":false,"pivot":{"x":-1.1422415971755982,"y":3.2284107208251955,"z":4.992937088012695},"rotation":{"x":0.2052098661661148,"y":0.7035534381866455,"z":-0.22483205795288087,"w":0.6421509385108948},"size":1.7045822143554688,"orthographic":false}