{"cameraMode":{"drawMode":0,"name":"Shaded","section":"Shading Mode"},"sceneLighting":false,"audioPlay":false,"sceneViewState":{"showFog":true,"showMaterialUpdate":false,"showSkybox":false,"showFlares":true,"showImageEffects":true,"showParticleSystems":true},"in2DMode":false,"pivot":{"x":1.6557111740112305,"y":0.49306154251098635,"z":0.8017404079437256},"rotation":{"x":0.13265788555145265,"y":0.7677966952323914,"z":-0.16872115433216096,"w":0.6036807894706726},"size":6.54046106338501,"orthographic":false}