{"cameraMode":{"drawMode":0,"name":"Shaded","section":"Shading Mode"},"sceneLighting":true,"audioPlay":false,"sceneViewState":{"showFog":true,"showMaterialUpdate":true,"showSkybox":true,"showFlares":true,"showImageEffects":true,"showParticleSystems":true},"in2DMode":false,"pivot":{"x":267.1821594238281,"y":431.059326171875,"z":292.1911926269531},"rotation":{"x":-0.2042970359325409,"y":0.5143868327140808,"z":-0.1276852786540985,"w":-0.8230242729187012},"size":82.25581359863281,"orthographic":false}